English,Spanish,HC
abandon,abandonar,abandone
ability,capacidad,kapasite
able,capaz,kapab
abortion,aborto,avòtman
about,acerca de,sou
above,arriba,pi wo a
abroad,en el extranjero,aletranje
absence,ausencia,absans
absolute,absoluto,absoli
absolutely,absolutamente,absoliman
absorb,absorber,absòbe
abuse,abuso,abi
academic,académico,akademik
accept,aceptar,aksepte
access,acceso,aksè
accident,accidente,aksidan
accompany,acompañar,akonpanye
accomplish,lograr,akonpli
according,de acuerdo a,dapre
account,cuenta,kont
accurate,preciso,egzat
accuse,acusar,akize
achieve,lograr,reyalize
achievement,logro,reyalizasyon
acid,ácido,asid
acknowledge,reconocer,rekonèt
acquire,adquirir,jwenn
across,al otro lado de,atravè
act,acto,aji
action,acción,aksyon
active,activo,aktif
activist,activista,aktivis
activity,actividad,aktivite
actor,actor,aktè
actress,Actriz,aktris
actual,actual,aktyèl
actually,de hecho,aktyèlman
ad,anuncio,ad
adapt,adaptar,adapte
add,agregar,ajoute
addition,suma,adisyon
additional,adicional,adisyonèl
address,Direccion,adrès
adequate,adecuado,adekwat
adjust,ajustar,ajiste
adjustment,ajustamiento,ajisteman
administration,administración,administrasyon
administrator,administrador,administratè
admire,admirar,admire
admission,admisión,admisyon
admit,admitir,admèt
adolescent,adolescente,adolesan
adopt,adoptar,adopte
adult,adulto,granmoun
advance,avance,avanse
advanced,avanzado,avanse
advantage,ventaja,avantaj
adventure,aventura,avanti
advertising,publicidad,piblisite
advice,consejo,konsèy
advise,aconsejar,konseye
adviser,asesor,konseye
advocate,defensor,avoka
affair,amorío,zafè
affect,afectar,afekte
afford,poder pagar,peye
afraid,asustado,pè
African,africano,Afriken
African-American,Afroamericano,Afriken-Ameriken
after,después,apre
afternoon,tarde,apremidi
again,de nuevo,ankò
against,contra,kont
age,edad,laj
agency,agencia,ajans
agenda,agenda,ajanda
agent,agente,ajan
aggressive,agresivo,agresif
ago,atrás,de sa
agree,aceptar,dakò
agreement,acuerdo,akò
agricultural,agrícola,agrikòl
ah,ah,ah
ahead,adelante,devan
aid,ayuda,èd
aide,ayudante,èd
AIDS,SIDA,SIDA
aim,apuntar,vize
air,aire,lè
aircraft,aeronave,avyon
airline,aerolínea,avyon
airport,aeropuerto,ayewopò
album,álbum,album
alcohol,alcohol,alkòl
alive,vivo,vivan
all,todo,tout
alliance,Alianza,alyans
allow,permitir,pèmèt
ally,aliado,alye
almost,casi,prèske
alone,solo,pou kont li
along,a lo largo de,ansanm
already,ya,deja
also,también,tou
alter,alterar,chanje
alternative,alternativa,altènatif
although,a pesar de,byenke
always,siempre,toujou
AM,SOY,AM
amazing,asombroso,etonan
American,Americano,Ameriken
among,entre,nan mitan
amount,cantidad,kantite lajan
analysis,análisis,analiz
analyst,analista,analis
analyze,analizar,analize
ancient,antiguo,ansyen
and,y,epi
anger,enojo,kòlè
angle,ángulo,ang
angry,enojado,fache
animal,animal,bèt
anniversary,aniversario,anivèsè
announce,anunciar,anonse
annual,anual,anyèl
another,otro,yon lòt
answer,respuesta,reponn
anticipate,anticipar,antisipe
anxiety,ansiedad,enkyetid
any,cualquier,nenpòt
anybody,cualquiera,okenn moun
anymore,ya no,ankò
anyone,alguien,nenpòt moun
anything,cualquier cosa,anyen
anyway,de todos modos,de tout fason
anywhere,en cualquier lugar,nenpòt kote
apart,aparte,apa
apartment,departamento,apatman
apparent,aparente,aparan
apparently,aparentemente,aparamman
appeal,apelar,apèl
appear,aparecer,parèt
appearance,apariencia,aparans
apple,manzana,pòm
application,solicitud,aplikasyon
apply,aplicar,aplike
appoint,nombrar,nonmen
appointment,cita,randevou
appreciate,agradecer,apresye
approach,acercarse,apwòch
appropriate,adecuado,apwopriye
approval,aprobación,apwouve
approve,aprobar,apwouve
approximately,aproximadamente,apeprè
Arab,árabe,Arab
architect,arquitecto,achitèk
area,área,zòn
argue,argumentar,diskite
argument,argumento,agiman
arise,surgir,leve
arm,brazo,bra
armed,armado,ame
army,ejército,lame
around,alrededor,alantou
arrange,arreglar,ranje
arrangement,acuerdo,aranjman
arrest,arrestar,arete
arrival,llegada,arive
arrive,llegar,rive
art,arte,atizay
article,artículo,atik
artist,artista,atis
artistic,artístico,atistik
as,como,kòm
Asian,asiático,Azyatik
aside,aparte,sou kote
ask,preguntar,mande
asleep,dormido,dòmi
aspect,aspecto,aspè
assault,agresión,atak
assert,afirmar,afime
assess,evaluar,evalye
assessment,evaluación,evalyasyon
asset,activo,avantaj
assign,asignar,plase
assignment,asignación,devwa
assist,asistir,ede
assistance,asistencia,asistans
assistant,asistente,asistan
associate,asociado,asosye
association,asociación,asosyasyon
assume,asumir,asime
assumption,suposición,sipozisyon
assure,asegurar,asire
at,en,nan
athlete,atleta,atlèt
athletic,atlético,atletik
atmosphere,atmósfera,atmosfè
attach,adjuntar,tache
attack,ataque,atak
attempt,intentar,tantativ
attend,asistir,patisipe
attention,atención,atansyon
attitude,actitud,atitid
attorney,abogado,avoka
attract,atraer,atire
attractive,atractivo,atire
attribute,atributo,atribi
audience,audiencia,odyans lan
author,autor,otè
authority,autoridad,otorite
auto,auto,oto
available,disponible,disponib
average,promedio,mwayèn
avoid,evitar,evite
award,otorgar,prim
aware,consciente,okouran
awareness,conciencia,konsyans
away,lejos,lwen
awful,horrible,terib
baby,bebé,ti bebe
back,atrás,tounen
background,fondo,background
bad,malo,move
badly,gravemente,mal
bag,bolsa,sak
bake,hornear,kwit
balance,balance,balans
ball,pelota,boul
ban,prohibición,entèdiksyon
band,banda,bann
bank,banco,bank
bar,bar,ba
barely,apenas,apèn
barrel,barril,barik
barrier,barrera,baryè
base,base,baz
baseball,béisbol,bezbòl
basic,básico,debaz
basically,básicamente,an prensip
basis,base,baz
basket,cesta,panyen
basketball,baloncesto,baskètbòl
bathroom,baño,twalèt
battery,batería,batri
battle,batalla,batay
be,ser,dwe
beach,playa,plaj
bean,frijol,pwa
bear,oso,lous
beat,derrotar,bat
beautiful,hermoso,bèl
beauty,belleza,bote
because,porque,paske
become,convertirse,vin
bed,cama,kabann
bedroom,dormitorio,chanm
beer,cerveza,byè
before,antes,anvan
begin,comenzar,kòmanse
beginning,comienzo,kòmansman
behavior,comportamiento,konpòtman
behind,detrás,dèyè
being,ser,ke yo te
belief,creencia,kwayans
believe,creer,kwè
bell,campana,klòch
belong,pertenecer,fè pati
below,abajo,anba a
belt,cinturón,sentiwon
bench,banco,ban
bend,doblar,pliye
beneath,bajo,anba
benefit,beneficio,benefisye
beside,al lado de,bò kote
besides,además,anplis
best,mejor,pi bon
bet,apuesta,parye
better,mejor,pi bon
between,entre,ant
beyond,más allá de,pi lwen pase
Bible,Biblia,Bib la
big,grande,gwo
bike,bicicleta,bisiklèt
bill,factura,bòdwo
billion,mil millones,milya dola
bind,unir,mare
biological,biológico,byolojik
bird,pájaro,zwazo
birth,nacimiento,nesans
birthday,cumpleaños,anivèsè nesans
bit,poco,ti jan
bite,morder,mòde
black,negro,nwa
blade,cuchilla,lam
blame,culpa,blame
blanket,frazada,dra
blind,ciego,avèg
block,bloquear,blòk
blood,sangre,san
blow,explotar,soufle
blue,azul,ble
board,junta,tablo
boat,bote,bato
body,cuerpo,kò
bomb,bomba,bonm
bombing,bombardeo,bonbadman
bond,vínculo,kosyon
bone,hueso,zo
book,libro,Liv
boom,auge,boom
boot,bota,bòt
border,borde,fwontyè
born,nacido,fèt
borrow,pedir prestado,prete
boss,jefe,bòs nan travay
both,ambos,tou de
bother,molestar,deranje
bottle,botella,boutèy
bottom,abajo,anba
boundary,Perímetro,fwontyè
bowl,bol,bòl
box,caja,bwat
boy,chico,ti gason
boyfriend,novio,mennaj
brain,cerebro,sèvo
branch,rama,branch
brand,marca,mak
bread,pan,pen
break,romper,kraze
breakfast,desayuno,manje maten
breast,mama,tete
breath,aliento,souf
breathe,respirar,respire
brick,ladrillo,brik
bridge,puente,pon
brief,breve,kout
briefly,brevemente,yon ti tan
bright,brillante,klere
brilliant,brillante,briyan
bring,traer,pote
British,británico,Britanik
broad,amplio,laj
broken,roto,kase
brother,hermano,frè
brown,marrón,mawon
brush,cepillar,bwòs
buck,dólar,bouk
budget,presupuesto,bidjè
build,construir,bati
building,edificio,bilding
bullet,bala,bal
bunch,racimo,pakèt
burden,carga,chay
burn,quemar,boule
bury,enterrar,antere
bus,autobús,bis
business,negocio,biznis
busy,ocupado,okipe
but,pero,men
butter,manteca,bè
button,botón,bouton
buy,comprar,achte
buyer,comprador,achtè
by,por,pa
cabin,cabina,kabin
cabinet,gabinete,kabinè
cable,cable,kab
cake,pastel,gato
calculate,calcular,kalkile
call,llamar,rele
camera,cámara,kamera
camp,acampar,kan
campaign,campaña,kanpay
campus,instalaciones,kanpis
can,poder,kapab
Canadian,canadiense,Kanadyen
cancer,cáncer,kansè
candidate,candidato,kandida
cap,gorra,bouchon
capability,capacidad,kapasite
capable,capaz,kapab
capacity,capacidad,kapasite
capital,capital,kapital
captain,capitán,kapitènn
capture,captura,kaptire
car,auto,machin
carbon,carbón,kabòn
card,tarjeta,kat
care,cuidado,swen
career,carrera,karyè
careful,cuidadoso,atansyon
carefully,con cuidado,ak anpil atansyon
carrier,transportador,konpayi asirans
carry,llevar,pote
case,caso,ka
cash,dinero,lajan kach
cast,elenco,jete
cat,gato,chat
catch,atrapar,trape
category,categoría,kategori
Catholic,católico,Katolik
cause,causa,koz
ceiling,techo,plafon
celebrate,celebrar,selebre
celebration,celebracion,selebrasyon
celebrity,celebridad,selebrite
cell,celúla,selil
center,centro,sant
central,central,santral
century,siglo,syèk
CEO,CEO,CEO
ceremony,ceremonia,seremoni
certain,cierto,sèten
certainly,ciertamente,sètènman
chain,cadena,chèn
chair,silla,chèz
chairman,presidente,prezidan
challenge,desafío,defi
chamber,cámara,chanm
champion,campeón,chanpyon
championship,campeonato,chanpyona
chance,oportunidad,chans
change,cambiar,chanje
changing,cambiando,chanje
channel,canal,chanèl
chapter,capítulo,chapit
character,personaje,karaktè
characteristic,característica,karakteristik
characterize,caracterizar,karakterize
charge,cargar,chaj
charity,caridad,charite
chart,cuadro,tablo
chase,perseguir,kouri dèyè
cheap,barato,bon mache
check,controlar,tcheke
cheek,mejilla,machwè
cheese,queso,fwomaj
chef,cocinero,chef
chemical,químico,chimik
chest,pecho,pwatrin
chicken,pollo,poul
chief,jefe,chèf
child,niño,pitit
childhood,infancia,anfans
Chinese,Chino,Chinwa
chip,chip,chip
chocolate,chocolate,chokola
choice,elección,chwa
cholesterol,colesterol,kolestewòl
choose,elegir,chwazi
Christian,cristiano,Kretyen
Christmas,Navidad,Nwèl
church,iglesia,legliz
cigarette,cigarrillo,sigarèt
circle,círculo,sèk
circumstance,circunstancia,sikonstans
cite,citar,site
citizen,ciudadano,sitwayen
city,ciudad,vil la
civil,civil,sivil
civilian,civil,sivil
claim,afirmar,reklamasyon
class,clase,klas
classic,clásico,klasik
classroom,aula,salklas
clean,limpio,pwòp
clear,claro,klè
clearly,claramente,klèman
client,cliente,kliyan
climate,clima,klima
climb,trepar,monte
clinic,clínica,klinik
clinical,clínico,klinik
clock,reloj,revèy
close,cerca,fèmen
closely,cercanamente,byen
closer,cerca,pi pre
clothes,ropa,rad
clothing,ropa,rad
cloud,nube,nwaj
club,club,klib
clue,clave,siy
cluster,grupo,grap
coach,entrenador,antrenè
coal,carbón,chabon
coalition,coalición,kowalisyon
coast,costa,kòt
coat,abrigo,rad
code,código,kòd
coffee,café,kafe
cognitive,cognitivo,mantal
cold,frío,frèt
collapse,colapsar,tonbe
colleague,colega,kòlèg
collect,recolectar,kolekte
collection,recopilación,koleksyon
collective,colectivo,kolektif
college,colega,kolèj
colonial,colonial,kolonyal
color,color,koulè
column,columna,kolòn
combination,combinación,konbinezon
combine,combinar,konbine
come,venir,vini
comedy,comedia,komedyen
comfort,comodidad,konfò
comfortable,cómodo,konfòtab
command,dominio,kòmandman
commander,comandante,kòmandan
comment,comentario,kòmantè
commercial,comercial,komèsyal
commission,comisión,komisyon
commit,comprometerse,komèt
commitment,compromiso,angajman
committee,comité,komite
common,común,komen
communicate,comunicar,kominike
communication,comunicación,kominikasyon
community,comunidad,kominote
company,compañía,konpayi
compare,comparar,konpare
comparison,comparación,konparezon
compete,competir,konpetisyon
competition,competencia,konpetisyon
competitive,competitivo,konpetitif
competitor,competidor,konkiran
complain,quejarse,plenyen
complaint,queja,plent
complete,completo,konplè
completely,completamente,konplètman
complex,complejo,konplèks
complicated,complicado,konplike
component,componente,eleman
compose,componer,konpoze
composition,composición,konpozisyon
comprehensive,integral,konplè
computer,computadora,òdinatè
concentrate,concentrarse,konsantre
concentration,concentración,konsantrasyon
concept,concepto,konsèp
concern,inquietud,enkyetid
concerned,preocupado,konsène
concert,concierto,konsè
conclude,concluir,konkli
conclusion,conclusión,konklizyon
concrete,concreto,konkrè
condition,condición,kondisyon
conduct,conducta,konduit
conference,conferencia,konferans
confidence,confianza,konfyans
confident,seguro,konfyans
confirm,confirmar,konfime
conflict,conflicto,konfli
confront,confrontar,konfwonte
confusion,confusión,konfizyon
Congress,Congreso,Kongrè a
congressional,del congreso,kongrè a
connect,conectar,konekte
connection,conexión,koneksyon
consciousness,conciencia,konsyans
consensus,consenso,konsansis
consequence,consecuencia,konsekans
conservative,conservador,konsèvatif
consider,considerar,konsidere
considerable,considerable,konsiderab
consideration,consideración,konsiderasyon
consist,consistir,konpoze
consistent,coherente,konsistan
constant,constante,konstan
constantly,constantemente,toujou ap
constitute,constituir,konstitye
constitutional,constitucional,konstitisyonèl
construct,construir,konstwi
construction,construcción,konstriksyon
consultant,consultor,konsiltan
consume,consumir,konsome
consumer,consumidor,konsomatè
consumption,consumo,konsomasyon
contact,contacto,kontakte
contain,contener,genyen
container,envase,veso
contemporary,contemporáneo,kontanporen
content,contenido,kontni
contest,concurso,konkou
context,contexto,kontèks
continue,continuar,kontinye
continued,continuado,kontinye
contract,contrato,kontra
contrast,contraste,kontras
contribute,contribuir,kontribye
contribution,contribución,kontribisyon
control,control,kontwòl
controversial,controversial,kontwovèsyal
controversy,controversia,konfli
convention,convención,konvansyon
conventional,convencional,konvansyonèl yo
conversation,conversación,konvèsasyon
convert,convertir,konvèti
conviction,convicción,konviksyon
convince,convencer,konvenk
cook,cocinar,kwit manje
cookie,Galleta,bonbon
cooking,cocinando,kwit manje
cool,Frío,fre
cooperation,cooperación,koperasyon
cop,policía,jandam
cope,afrontar,fè fas
copy,Copiar,kopi
core,centro,nwayo
corn,maíz,mayi
corner,esquina,kwen
corporate,corporativo,antrepriz
corporation,corporación,sosyete
correct,correcto,kòrèk
correspondent,corresponsal,korespondan
cost,costo,pri
cotton,algodón,koton
couch,sofá,kanape
could,podría,te kapab
council,concejo,konsèy
counselor,consejero,konseye
count,contar,konte
counter,encimera,kontwa
country,país,peyi
county,condado,konte
couple,pareja,koup
courage,coraje,kouraj
course,curso,kou
court,corte,tribinal
cousin,primo,kouzen
cover,cubrir,kouvri
coverage,cobertura,pwoteksyon
cow,vaca,bèf
crack,grieta,krak
craft,artesanía,navèt
crash,chocar,aksidan
crazy,loco,fou
cream,crema,krèm
create,crear,kreye
creation,creación,kreyasyon
creative,creativo,kreyatif
creature,criatura,bèt
credit,crédito,kredi
crew,multitud,ekipaj
crime,delito,krim
criminal,delincuente,kriminèl
crisis,crisis,kriz
criteria,criterios,kritè
critic,crítico,kritik
critical,crítico,kritik
criticism,crítica,kritik
criticize,criticar,kritike
crop,cultivo,rekòt
cross,cruz,kwa
crowd,multitud,foul moun
crucial,crucial,kritik
cry,llorar,kriye
cultural,cultural,kiltirèl
culture,cultura,kilti
cup,taza,tas
curious,curioso,kirye
current,actual,aktyèl
currently,actualmente,kounye a
curriculum,plan de estudios,kourikoulòm
custom,costumbre,koutim
customer,cliente,kliyan
cut,cortar,koupe
cycle,ciclo,sik
dad,papá,papa
daily,a diario,chak jou
damage,daño,domaj
dance,bailar,danse
danger,peligro,danje
dangerous,peligroso,danjere
dare,atrevimiento,oze
dark,oscuro,fè nwa
darkness,oscuridad,fènwa
data,datos,done
date,fecha,dat
daughter,hija,pitit fi
day,día,jou
dead,muerto,mouri
deal,trato,kontra
dealer,distribuidor,machann
dear,estimado,mezanmi
death,muerte,lanmò
debate,debate,deba
debt,deuda,dèt
decade,década,deseni
decide,decidir,deside
decision,decisión,desizyon
deck,cubierta,pil
declare,declarar,deklare
decline,rechazar,n bès
decrease,disminuir,diminye
deep,profundo,fon
deeply,profundamente,pwofondman
deer,ciervo,sèf
defeat,fracaso,defèt
defend,defender,defann
defendant,acusado,akize
defense,defensa,defans
defensive,defensivo,defansiv
deficit,déficit,defisi
define,definir,defini
definitely,definitivamente,definitivman
definition,definición,definisyon
degree,grado,degre
delay,demora,reta
deliver,entregar,delivre
delivery,entrega,livrezon
demand,demanda,demann
democracy,democracia,demokrasi
Democrat,Demócrata,Demokrat
democratic,democrático,demokratik
demonstrate,demostrar,demontre
demonstration,demostración,demonstrasyon
deny,denegar,refize
department,departamento,depatman
depend,depender,depann de
dependent,dependiente,depandan
depending,dependiente,depann
depict,representar,dekri
depression,depresión,depresyon
depth,profundidad,pwofondè
deputy,diputado,depite
derive,derivar,derive
describe,describir,dekri
description,descripción,deskripsyon
desert,desierto,dezè
deserve,merecer,merite
design,diseño,konsepsyon
designer,diseñador,designer
desire,deseo,dezi
desk,escritorio,biwo
desperate,desesperado,dezespere
despite,a pesar de,malgre
destroy,destruir,detwi
destruction,destrucción,destriksyon
detail,detalle,detay
detailed,detallado,detaye
detect,detectar,detekte
determine,determinar,detèmine
develop,desarrollar,devlope
developing,desarrollando,devlope
development,desarrollo,devlopman
device,dispositivo,aparèy
devote,dedicar,konsakre
dialogue,diálogo,dyalòg
die,morir,mouri
diet,dieta,rejim alimantè
differ,diferir de,diferan
difference,diferencia,diferans
different,diferente,diferan
differently,diferentemente,yon fason diferan
difficult,difícil,difisil
difficulty,dificultad,difikilte
dig,excavar,fouye
digital,digital,dijital
dimension,dimensión,dimansyon
dining,comida,manje
dinner,cena,dine
direct,directo,dirèk
direction,dirección,direksyon
directly,directamente,dirèkteman
director,director,direktè
dirt,suciedad,pousyè tè
dirty,sucio,sal
disability,discapacidad,andikap
disagree,discrepar,pa dakò
disappear,desaparecer,disparèt
disaster,desastre,dezas
discipline,disciplina,disiplin
discourse,discurso,diskou
discover,descubrir,dekouvri
discovery,descubrimiento,dekouvèt
discrimination,discriminación,diskriminasyon
discuss,conversar,diskite
discussion,discusión,diskisyon
disease,enfermedad,maladi
dish,plato,plat
dismiss,despedir,ranvwaye
disorder,trastorno,dezòd
display,mostrar,ekspozisyon
dispute,disputar,diskisyon
distance,distancia,distans
distant,distante,byen lwen
distinct,distinto,diferan
distinction,distinción,distenksyon
distinguish,distinguir,distenge
distribute,distribuir,distribye
distribution,distribución,distribisyon
district,distrito,distri
diverse,diverso,divès
diversity,diversidad,divèsite
divide,dividir,divize
division,división,divizyon
divorce,divorcio,divòs
DNA,ADN,ADN
do,hacer,fè
doctor,doctor,doktè
document,documento,dokiman
dog,perro,chen
domestic,doméstico,domestik
dominant,dominante,dominan
dominate,dominar,domine
door,puerta,pòt
double,doble,doub
doubt,duda,dout
down,abajo,desann
downtown,centro,anba lavil
dozen,docena,douzèn
draft,borrador,bouyon
drag,arrastrar,trennen
drama,drama,dram
dramatic,dramático,dramatik
dramatically,dramáticamente,dramatikman
draw,dibujar,trase
drawing,dibujo,desen
dream,sueño,rèv
dress,vestido,abiye
drink,beber,bwè
drive,conducir,kondwi
driver,conductor,chofè
drop,gota,gout
drug,droga,dwòg
dry,seco,sèk
due,pendiente,akòz
during,durante,pandan
dust,polvo,pousyè
duty,deber,devwa
each,cada,chak
eager,ansioso,anvi
ear,oreja,zòrèy
early,temprano,bonè
earn,ganar,touche
earnings,ganancias,salè
earth,tierra,latè
ease,facilidad,fasilite
easily,fácilmente,fasil
east,este,bò solèy leve
eastern,oriental,lès
easy,fácil,fasil
eat,comer,manje
economic,económico,ekonomik
economics,ciencias económicas,ekonomi
economist,economista,ekonomis
economy,economía,ekonomi
edge,borde,kwen
edition,edición,edisyon
editor,editor,editè
educate,educar,edike
education,educación,edikasyon
educational,educativo,edikatif
educator,educador,edikatè
effect,efecto,efè
effective,eficaz,efikas
effectively,efectivamente,efektivman
efficiency,eficiencia,efikasite
efficient,eficiente,efikas
effort,esfuerzo,efò
egg,huevo,ze
eight,ocho,uit
either,cualquiera,swa
elderly,anciano,granmoun aje
elect,electo,eli
election,elección,eleksyon
electric,eléctrico,elektrik
electricity,electricidad,elektrisite
electronic,electrónico,elektwonik
element,elemento,eleman
elementary,elemental,elemantè
eliminate,eliminar,elimine
elite,élite,elit
else,demás,lòt bagay
elsewhere,en otra parte,yon lòt kote
e-mail,correo electrónico,imel
embrace,abarcar,anbrase
emerge,surgir,sòti
emergency,emergencia,ijans
emission,emisión,emisyon
emotion,emoción,emosyon
emotional,emocional,emosyonèl
emphasis,énfasis,anfaz
emphasize,enfatizar,mete aksan sou
employ,emplear,anplwaye
employee,empleado,anplwaye
employer,empleador,patwon
employment,empleo,travay
empty,vacío,vid
enable,permitir,pèmèt
encounter,encontrar,rankont
encourage,alentar,ankouraje
end,fin,fini
enemy,enemigo,lènmi
energy,energía,enèji
enforcement,aplicación,ranfòsman
engage,comprometer,angaje
engine,motor,motè
engineer,ingeniero,enjenyè
engineering,ingeniería,jeni
English,Inglés,angle
enhance,mejorar,amelyore
enjoy,disfrutar,jwi
enormous,enorme,menmen
enough,suficiente,ase
ensure,asegurar,asire
enter,ingresar,antre
enterprise,empresa,antrepriz
entertainment,entretenimiento,amizman
entire,completo,tout antye
entirely,enteramente,totalman
entrance,entrada,antre
entry,entrada,antre
environment,ambiente,anviwònman
environmental,ambiental,anviwònman
episode,episodio,epizòd
equal,igual,egal
equally,igualmente,egalman
equipment,equipo,ekipman
era,era,epòk
error,error,erè
escape,escapar,chape
especially,especialmente,sitou
essay,ensayo,redaksyon
essential,básico,esansyèl
essentially,esencialmente,esansyèlman
establish,establecer,etabli
establishment,establecimiento,etablisman
estate,bienes,byen imobilye
estimate,estimar,estimasyon
etc,etc.,elatriye
ethics,ética,etik
ethnic,étnico,etnik
European,europeo,Ewopeyen an
evaluate,evaluar,evalye
evaluation,evaluación,evalyasyon
even,incluso,menm
evening,noche,aswè
event,evento,evènman
eventually,eventualmente,evantyèlman
ever,alguna vez,tout tan
every,cada,chak
everybody,todos,tout moun
everyday,cada día,chak jou
everyone,todos,tout moun
everything,todo,tout bagay
everywhere,en todos lados,tout kote
evidence,evidencia,prèv
evolution,evolución,evolisyon
evolve,evolucionar,evolye
exact,exacto,egzak
exactly,exactamente,egzakteman
examination,examen,egzaminasyon
examine,examinar,egzaminen
example,ejemplo,egzanp
exceed,superar,depase
excellent,excelente,ekselan
except,excepto,eksepte
exception,excepción,eksepsyon
exchange,intercambio,echanj
exciting,emocionante,eksitan
executive,ejecutivo,egzekitif
exercise,ejercicio,fè egzèsis
exhibit,anexo,ekspozisyon
exhibition,exhibición,egzibisyon
exist,existir,egziste
existence,existencia,egzistans
existing,existente,ki ekziste
expand,expandir,elaji
expansion,expansión,ekspansyon
expect,esperar,atann
expectation,expectativa,atant
expense,gastos,depans
expensive,caro,chè
experience,experiencia,eksperyans
experiment,experimento,eksperyans
expert,experto,ekspè
explain,explicar,eksplike
explanation,explicación,eksplikasyon
explode,explotar,eksploze
explore,explorar,eksplore
explosion,explosión,eksplozyon
expose,exponer,ekspoze
exposure,exposición,ekspoze
express,expresar,eksprime
expression,expresión,ekspresyon
extend,extender,pwolonje
extension,extensión,ekstansyon
extensive,extenso,vaste
extent,medida,limit
external,externo,ekstèn
extra,extra,siplemantè
extraordinary,extraordinario,ekstraòdinè
extreme,extremo,ekstrèm
extremely,extremadamente,ekstrèmman
eye,ojo,je
fabric,tela,twal
face,cara,figi
facility,instalación,etablisman
fact,hecho,reyalite
factor,factor,faktè
factory,fábrica,faktori
faculty,facultad,fakilte
fade,desteñir,fennen
fail,fallar,echwe
failure,falla,echèk
fair,justo,jis
fairly,equitativamente,jistis
faith,fe,lafwa
fall,caer,tonbe
familiar,familiar,abitye
family,familia,fanmi
famous,famoso,pi popilè
fan,admirador,fanatik
fantasy,fantasía,fantezi
far,lejos,byen lwen
farm,granja,fèm
farmer,agricultor,kiltivatè
fashion,moda,mòd
fast,rápido,vit
fat,gordo,grès
fate,destino,sò
father,padre,papa
fault,falla,fòt
favor,favor,favè
favorite,favorito,pi renmen
fear,miedo,pè
feature,característica,karakteristik
federal,federal,federal
fee,tarifa,frè
feed,alimentar,manje
feel,sentir,santi
feeling,sentimiento,santi
fellow,compañero,parèy
female,femenino,fi
fence,cerca,kloti
few,pocos,kèk
fewer,menos,mwens
fiber,fibra,fib
fiction,ficción,fiksyon
field,campo,jaden
fifteen,quince,kenz
fifth,quinto,senkyèm
fifty,cincuenta,senkant
fight,luchar,goumen
fighter,combatiente,avyon de gè
fighting,lucha,goumen
figure,cifra,figi
file,archivo,dosye
fill,llenar,ranpli
film,película,fim
final,final,final
finally,finalmente,finalman
finance,finanzas,finans
financial,financiero,finansye
find,encontrar,jwenn
finding,hallazgo,jwenn
fine,bien,byen
finger,dedo,dwèt
finish,finalizar,fini
fire,fuego,dife
firm,firme,fèm
first,primero,premye
fish,pez,pwason
fishing,pesca,lapèch
fit,adaptar,anfòm
fitness,aptitud física,kondisyon fizik
five,cinco,senk
fix,arreglar,ranje
flag,bandera,drapo
flame,fuego,flanm dife
flat,departamento,plat
flavor,sabor,gou
flee,huir,kouri
flesh,carne,vyann
flight,vuelo,vòl
float,flotar,flote
floor,piso,etaj
flow,fluir,koule
flower,flor,flè
fly,volar,vole
focus,enfocar,konsantre
folk,gente,popilè
follow,seguir,swiv
following,siguiente,swivan
food,alimento,manje
foot,pie,pye
football,fútbol americano,foutbòl
for,para,pou
force,fuerza,fòs
foreign,extranjero,etranje
forest,bosque,forè
forever,para siempre,pou toutan
forget,olvidar,bliye
form,forma,fòm
formal,formal,fòmèl
formation,formación,fòmasyon
former,anterior,ansyen
formula,fórmula,fòmil
forth,adelante,soti
fortune,fortuna,fòtin
forward,adelante,pi devan
found,encontró,jwenn
foundation,base,fondasyon
founder,fundador,fondatè
four,cuatro,kat
fourth,cuatro,katriyèm
frame,marco,ankadreman
framework,estructura,kad
free,gratis,gratis
freedom,libertad,libète
freeze,congelar,friz
French,Francés,franse
frequency,frecuencia,frekans
frequent,frecuente,souvan
frequently,frecuentemente,souvan
fresh,fresco,fre
friend,amigo,zanmi
friendly,amigable,zanmitay
friendship,amistad,amitye
from,de,soti nan
front,frente,devan
fruit,fruta,fwi
frustration,frustración,fristrasyon
fuel,combustible,gaz
full,lleno,plen
fully,completamente,totalman
fun,divertido,plezi
function,función,fonksyon
fund,fondo,fon
fundamental,fundamental,fondamantal
funding,fondos,finansman
funeral,funeral,fineray
funny,divertido,komik
furniture,muebles,mèb
furthermore,además,anplis
future,futuro,lavni
gain,ganar,genyen
galaxy,galaxia,galaksi
gallery,galería,galri
game,juego,jwèt
gang,pandilla,gang
gap,brecha,diferans
garage,cochera,garaj
garden,jardín,jaden
garlic,ajo,lay
gas,gas,gaz
gate,puerta,pòtay
gather,recolectar,rasanble
gay,homosexuales,masisi
gaze,mirada,gade
gear,engranaje,Kovèti pou
gender,género,sèks
gene,gene,jèn
general,general,jeneral
generally,generalmente,jeneralman
generate,generar,jenere
generation,generación,jenerasyon
genetic,genético,jenetik
gentleman,hidalgo,mesye
gently,suavemente,dousman
German,Alemán,Alman
gesture,gesto,jès
get,conseguir,jwenn
ghost,fantasma,fantom
giant,gigante,jeyan
gift,regalo,kado
gifted,dotado,ki gen don
girl,chica,ti fi
girlfriend,novia,mennaj
give,dar,bay
given,dado,bay
glad,contento,kontan
glance,mirada,ti koutje sou
glass,vaso,vè
global,global,mondyal
glove,guante,gan
go,ir,ale
goal,meta,objektif
God,Dios,Bondye
gold,oro,lò
golden,dorado,an lò
golf,golf,gòlf
good,bien,bon
government,gobierno,gouvènman an
governor,gobernador,gouvènè
grab,agarrar,pwan
grade,calificación,klas
gradually,gradualmente,piti piti
graduate,graduado,gradye
grain,grano,grenn
grand,grandioso,gran
grandfather,abuelo,granpapa
grandmother,abuela,grann
grant,conceder,sibvansyon
grass,césped,zèb
grave,tumba,kavo
gray,gris,gri
great,excelente,gwo
greatest,mayor,pi gran
green,verde,vèt
grocery,tienda de comestibles,makèt
ground,suelo,tè
group,grupo,gwoup
grow,crecer,grandi
growing,creciente,ap grandi
growth,crecimiento,kwasans
guarantee,garantizar,garanti
guard,guardia,gad
guess,adivinar,devine
guest,invitado,envite
guide,guía,gid
guideline,guía,gid
guilty,culpable,koupab
gun,pistola,zam
guy,chico,nèg
habit,hábito,abitid
habitat,hábitat,abita
hair,cabello,cheve
half,medio,mwatye
hall,sala,sal
hand,mano,men
handful,puñado,ti ponyen
handle,manejar,manch
hang,colgar,pann
happen,suceder,rive
happy,feliz,kontan
hard,duro,difisil
hardly,difícilmente,diman
hat,sombrero,chapo
hate,odiar,rayi
have,tener,genyen
he,él,li
head,cabeza,tèt
headline,titular,tit
headquarters,sede,katye jeneral
health,salud,sante
healthy,saludable,an sante
hear,escuchar,tande
hearing,audiencia,tande
heart,corazón,kè
heat,calor,chalè
heaven,cielo,syèl la
heavily,fuertemente,lou
heavy,pesado,lou
heel,tacón,talon pye
height,altura,wotè
helicopter,helicóptero,elikoptè
hell,infierno,lanfè
hello,Hola,bonjou
help,ayuda,ede
helpful,útil,itil
her,su,li
here,aquí,isit la
heritage,herencia,eritaj
hero,héroe,ewo
herself,sí misma,li menm
hey,ey,hey
hi,Hola,alo
hide,esconder,kache
high,alto,segondè
highlight,destacar,mete aksan sou
highly,altamente,trè
highway,carretera,gran wout
hill,colina,ti mòn
him,a él,li
himself,él mismo,tèt li
hip,cadera,anch
hire,contratar,anboche
his,su,li
historian,historiador,istoryen
historic,histórico,istorik
historical,histórico,istorik
history,historia,istwa
hit,golpear,frape
hold,sostener,kenbe
hole,agujero,twou
holiday,día festivo,jou ferye
holy,santo,apa pou Bondye
home,hogar,lakay ou
homeless,sin hogar,san kay
honest,honesto,onèt
honey,Miel,siwo myèl
honor,honor,onè
hope,esperanza,espwa
horizon,horizonte,orizon
horror,horror,laterè
horse,caballo,chwal
hospital,hospital,lopital
host,anfitrión,lame
hot,caliente,cho
hotel,hotel,otèl
hour,hora,èdtan
house,casa,kay
household,familiar,kay la
housing,alojamiento,lojman
how,cómo,kijan
however,sin embargo,sepandan
huge,enorme,gwo
human,humano,moun
humor,humor,imè
hundred,centenar,santèn
hungry,hambriento,grangou
hunter,cazador,chasè
hunting,caza,lachas
hurt,herir,fè mal
husband,marido,mari
hypothesis,hipótesis,ipotèz
I,I,mwen
ice,hielo,glas
idea,idea,lide
ideal,ideal,ideyal
identification,identificación,idantifikasyon
identify,identificar,idantifye
identity,identidad,idantite
ie,es decir,sa vle di
if,si,si
ignore,ignorar,inyore
ill,enfermo,malad
illegal,ilegal,ilegal
illness,enfermedad,maladi
illustrate,ilustrar,ilistre
image,imagen,imaj
imagination,imaginación,imajinasyon
imagine,imaginar,imajine
immediate,inmediato,imedya
immediately,inmediatamente,imedyatman
immigrant,inmigrante,imigran
immigration,inmigración,imigrasyon
impact,impacto,enpak
implement,implementar,aplike
implication,implicación,enplikasyon
imply,implicar,implique
importance,importancia,enpòtans
important,importante,enpòtan
impose,imponer,enpoze
impossible,imposible,enposib
impress,impresionar,enpresyone
impression,impresión,enpresyon
impressive,impresionante,enpresyonan
improve,mejorar,amelyore
improvement,mejora,amelyorasyon
in,en,nan
incentive,incentivo,ankourajman
incident,incidente,ensidan
include,incluir,enkli
including,incluido,ki gen ladan
income,ingreso,revni
incorporate,incorporar,enkòpore
increase,aumentar,ogmante
increased,aumentó,ogmante
increasing,creciente,ogmante
increasingly,cada vez más,de pli zan pli
incredible,increíble,enkwayab
indeed,en efecto,tout bon
independence,independencia,endepandans
independent,independiente,endepandan
index,índice,endèks
Indian,indio,Endyen
indicate,indicar,endike
indication,indicación,endikasyon
individual,individual,moun
industrial,industrial,endistriyèl
industry,industria,endistri
infant,niño,tibebe
infection,infección,enfeksyon
inflation,inflación,enflasyon
influence,influencia,enfliyans
inform,informar,enfòme
information,información,enfòmasyon
ingredient,ingrediente,engredyan
initial,inicial,inisyal
initially,inicialmente,okòmansman
initiative,iniciativa,inisyativ
injury,lesión,blesi
inner,interno,enteryè
innocent,inocente,inosan
inquiry,consulta,ankèt
inside,adentro,anndan
insight,conocimiento,insight
insist,insistir,ensiste
inspire,inspirar,enspire
install,instalar,enstale
instance,instancia,egzanp
instead,en cambio,pito
institution,institución,enstitisyon
institutional,institucional,enstitisyonèl
instruction,instrucción,enstriksyon
instructor,instructor,enstriktè
instrument,instrumento,enstriman
insurance,seguro,asirans
intellectual,intelectual,entelektyèl
intelligence,inteligencia,entèlijans
intend,pretender,gen entansyon
intense,intenso,entans
intensity,intensidad,entansite
intention,intención,entansyon
interaction,interacción,entèraksyon
interest,interés,enterè
interested,interesado,enterese
interesting,interesante,enteresan
internal,interno,entèn
international,internacional,entènasyonal
Internet,Internet,Entènèt
interpret,interpretar,entèprete
interpretation,interpretación,entèpretasyon
intervention,intervención,entèvansyon
interview,entrevista,entèvyou
into,en,nan
introduce,introducir,prezante
introduction,introducción,entwodiksyon
invasion,invasión,envazyon
invest,invertir,envesti
investigate,investigar,envestige
investigation,investigación,ankèt
investigator,investigador,envestigatè
investment,inversión,envestisman
investor,inversor,envestisè
invite,invitar,envite
involve,involucrar,enplike
involved,involucrado,patisipe
involvement,intervención,patisipasyon
Iraqi,iraquí,Irakyen
Irish,irlandesa,Ilandè
iron,hierro,fè
Islamic,islámico,Islamik
island,isla,zile
Israeli,israelí,Izrayelyen
issue,asunto,problèm
it,él,li
Italian,italiano,Italyen
item,artículo,atik
its,es,li
itself,sí mismo,tèt li
jacket,chaqueta,jakèt
jail,celda,prizon
Japanese,japonés,Japonè
jet,chorro,avyon
Jew,judío,jwif
Jewish,judío,jwif
job,trabajo,travay
join,unirse,rantre nan
joint,articulación,jwenti
joke,broma,blag
journal,diario,jounal
journalist,periodista,jounalis
journey,viaje,vwayaj
joy,alegría,kè kontan
judge,juez,jij
judgment,juicio,jijman
juice,jugo,ji
jump,saltar,sote
junior,júnior,jinyò
jury,jurado,jiri
just,justo,jis
justice,justicia,jistis
justify,justificar,jistifye
keep,mantener,kenbe
key,llave,kle
kick,patada,kout pye
kid,niño,timoun
kill,matar,touye
killer,asesino,asasen
killing,asesinato,touye
kind,amable,jantiyès
king,rey,wa
kiss,beso,bo
kitchen,cocina,kwizin
knee,rodilla,jenou
knife,cuchillo,kouto
knock,golpear,frape
know,saber,konnen
knowledge,conocimiento,konesans
lab,laboratorio,laboratwa
label,etiqueta,etikèt
labor,mano de obra,travay
laboratory,laboratorio,laboratwa
lack,falta,mank
lady,dama,dam
lake,lago,lak
land,tierra,peyi
landscape,paisaje,jaden flè
language,idioma,lang
lap,regazo,janm
large,grande,gwo
largely,en gran parte,lajman
last,último,dènye
late,tarde,an reta
later,más tarde,pita
Latin,latín,Latin
latter,último,lèt
laugh,reír,ri
launch,lanzamiento,lanse
law,ley,lalwa
lawn,césped,gazon
lawsuit,demanda judicial,pwosè
lawyer,abogado,avoka
lay,poner,kouche
layer,capa,kouch
lead,dirigir,plon
leader,líder,lidè
leadership,liderazgo,lidèchip
leading,principal,dirijan
leaf,hoja,fèy
league,liga,lig
lean,inclinarse,mèg
learn,aprender,aprann
learning,aprendiendo,aprantisaj
least,el menos,pi piti
leather,cuero,kwi
leave,dejar,kite
left,izquierda,kite
leg,pierna,janm
legacy,legado,eritaj
legal,legal,legal
legend,leyenda,lejand
legislation,legislación,lejislasyon
legitimate,legítimo,lejitim
lemon,limón,sitwon
length,longitud,longè
less,menos,mwens
lesson,lección,leson
let,dejar,kite
letter,carta,lèt
level,nivel,nivo
liberal,liberal,liberal
library,biblioteca,bibliyotèk
license,licencia,lisans
lie,mentir,bay manti
life,vida,lavi
lifestyle,estilo de vida,fòm
lifetime,toda la vida,pou tout lavi
lift,elevar,leve
light,luz,limyè
like,como,tankou
likely,probable,gen anpil chans
limit,límite,limit
limitation,limitación,limitasyon
limited,limitado,limite
line,línea,liy
link,enlace,lyen
lip,labio,lèv
list,lista,lis
listen,escuchar,koute
literally,literalmente,literalman
literary,literario,literè
literature,literatura,literati
little,pequeño,ti kras
live,vivir,viv
living,viviendo,k ap viv
load,carga,chaj
loan,préstamo,prè
local,local,lokal
locate,localizar,lokalize
location,ubicación,kote
lock,cerrar,fèmen
long,largo,lontan
long-term,a largo plazo,alontèm
look,mirar,gade
loose,perder,ki lach
lose,perder,pèdi
loss,pérdida,pèt
lost,perdido,pèdi
lot,lote,lot
lots,lotes,anpil
loud,alto,byen fò
love,amar,renmen
lovely,hermoso,bèl
lover,amante,lover
low,bajo,ba
lower,más bajo,pi ba
luck,suerte,chans
lucky,afortunado,chans
lunch,almuerzo,manje midi
lung,pulmón,poumon
machine,máquina,machin
mad,enojado,fache
magazine,revista,magazin
mail,correo,lapòs
main,principal,prensipal
mainly,principalmente,sitou
maintain,mantener,kenbe
maintenance,mantenimiento,antretyen
major,importante,pi gwo
majority,mayoría,majorite
make,hacer,fè
maker,fabricante,maker
makeup,constituir,Makiyaj
male,masculino,gason
mall,centro comercial,sant komèsyal
man,hombre,nonm
manage,administrar,jere
management,gestión,jesyon
manager,gerente,manadjè
manner,manera,fason
manufacturer,fabricante,manifakti
manufacturing,fabricación,manifakti
many,muchos,anpil
map,mapa,kat jeyografik
margin,margen,maj
mark,marca,make
market,mercado,mache
marketing,marketing,maketing
marriage,casamiento,maryaj
married,casado,marye
marry,casar,marye
mask,mascarilla,mask
mass,masa,mas
massive,masivo,masiv
master,maestro,mèt
match,fósforo,match
material,material,materyèl
math,matemáticas,matematik
matter,asunto,matyè
may,puede,me
maybe,tal vez,petèt
mayor,alcalde,majistra
me,a mí,mwen
meal,comida,repa
mean,significar,vle di
meaning,significado,siyifikasyon
meanwhile,mientras tanto,pandan se tan
measure,medida,mezi
measurement,medición,mezi
meat,carne,vyann
mechanism,mecanismo,mekanis
media,medios de comunicación,medya
medical,médico,medikal
medication,medicamento,medikaman
medicine,medicamento,remèd
medium,medio,mwayen
meet,encontrarse,rankontre
meeting,reunión,reyinyon
member,miembro,manm
membership,afiliación,manm
memory,memoria,memwa
mental,mental,mantal
mention,mencionar,mansyone
menu,menú,meni
mere,mero,sèlman
merely,meramente,senpleman
mess,desorden,dezòd
message,mensaje,mesaj
metal,metal,metal
meter,metro,mèt
method,método,metòd
Mexican,mexicano,Meksiken
middle,medio,mitan
might,podría,ta ka
military,militar,militè
milk,leche,lèt
million,millón,milyon
mind,mente,lespri
mine,mío,mwen
minister,ministro,minis
minor,menor,minè
minority,minoría,minorite
minute,minuto,minit
miracle,milagro,mirak
mirror,espejo,glas
miss,extrañar,madmwazèl
missile,misil,misil
mission,misión,misyon
mistake,error,erè
mix,mezcla,melanje
mixture,mezcla,melanj
mm-hmm,mm-hmm,mm-hmm
mode,modo,mòd
model,modelo,modèl
moderate,moderado,modere
modern,moderno,modèn
modest,modesto,modès
mom,mamá,manman
moment,momento,moman
money,dinero,lajan
monitor,monitor,kontwole
month,mes,mwa
mood,ánimo,atitid
moon,luna,lalin
moral,moral,moral
more,más,plis
moreover,además,anplis
morning,mañana,maten
mortgage,hipoteca,ipotèk
most,mayoría,pi fò
mostly,principalmente,sitou
mother,madre,manman
motion,movimiento,mouvman
motivation,motivación,motivasyon
motor,motor,motè
mount,montar,mòn
mountain,montaña,montay
mouse,ratón,sourit
mouth,boca,bouch
move,mover,deplase
movement,movimiento,mouvman
movie,película,fim
Mr,Señor,mesye
Mrs,Señora,Madam
Ms,EM,Ms
much,mucho,anpil
multiple,múltiple,miltip
murder,asesinato,touye moun
muscle,músculo,misk
museum,museo,mize
music,música,Mizik
musical,musical,mizikal
musician,músico,mizisyen
Muslim,musulmán,Mizilman
must,debe,dwe
mutual,mutual,mityèl
my,mi,mwen
myself,mí mismo,tèt mwen
mystery,misterio,mistè
myth,mito,mit
naked,desnudo,toutouni
name,nombre,non
narrative,narrativo,naratif
narrow,angosto,etwat
nation,nación,nasyon
national,nacional,nasyonal
native,nativo,natif natal
natural,natural,natirèl
naturally,naturalmente,natirèlman
nature,naturaleza,lanati
near,cerca,tou pre
nearby,cercano,tou pre
nearly,cerca de,preske
necessarily,necesariamente,nesesèman
necessary,necesario,nesesè
neck,cuello,kou
need,necesidad,bezwen
negative,negativo,negatif
negotiate,negociar,negosye
negotiation,negociación,negosyasyon
neighbor,vecino,vwazen
neighborhood,vecindario,katye
neither,ni,ni
nerve,nervio,nè
nervous,nervioso,nève
net,neto,nèt
network,red,rezo
never,nunca,pa janm
nevertheless,sin embargo,kanmenm
new,nuevo,nouvo
newly,recién,fèk
news,noticias,nouvèl
newspaper,periódico,jounal
next,próximo,pwochen
nice,lindo,bèl
night,noche,lannwit
nine,nueve,nèf
no,No,non
nobody,nadie,pèsonn
nod,asentir,souke tèt
noise,ruido,bri
nomination,nominación,nominasyon
none,ninguno,okenn
nonetheless,sin embargo,kanmenm
nor,ni,ni
normal,normal,nòmal
normally,normalmente,nòmalman
north,norte,nò
northern,del Norte,nò
nose,nariz,nen
not,no,pa
note,nota,Remak
nothing,nada,anyen
notice,aviso,avi
notion,noción,nosyon
novel,novedoso,roman
now,ahora,kounye a
nowhere,en ningún lugar,okenn kote
n't,Nuevo Testamento,pa
nuclear,nuclear,nikleyè
number,número,nimewo
numerous,numeroso,anpil
nurse,enfermero,enfimyè
nut,tuerca,nwa
object,objeto,objè
objective,objetivo,objektif
obligation,obligación,obligasyon
observation,observación,obsèvasyon
observe,observar,obsève
observer,observador,obsèvatè
obtain,obtener,jwenn
obvious,obvio,evidan
obviously,obviamente,evidamman
occasion,ocasión,okazyon
occasionally,ocasionalmente,detanzantan
occupation,ocupación,okipasyon
occupy,ocupar,okipe
occur,ocurrir,rive
ocean,océano,oseyan
odd,extraño,enpè
odds,impares,chans
of,de,nan
off,apagado,koupe
offense,ofensa,ofans
offensive,ofensivo,ofansif
offer,oferta,ofri
office,oficina,biwo
officer,oficial,ofisye
official,oficial,ofisyèl
often,a menudo,souvan
oh,Vaya,oh
oil,aceite,lwil oliv
ok,OK,ok
okay,bueno,Dakò
old,viejo,fin vye granmoun
Olympic,olímpico,Olympic
on,en,sou
once,una vez,yon fwa
one,uno,youn
ongoing,en curso,kontinyèl
onion,cebolla,zonyon
online,en línea,sou entènèt
only,solo,sèlman
onto,sobre,sou
open,abierto,louvri
opening,apertura,ouvèti
operate,funcionar,opere
operating,operando,opere
operation,operación,operasyon
operator,operador,operatè
opinion,opinión,opinyon
opponent,adversario,advèsè
opportunity,oportunidad,opòtinite
oppose,oponerse a,opoze
opposite,opuesto,kontrè
opposition,oposición,opozisyon
option,opción,opsyon
or,o,oswa
orange,naranja,zoranj
order,orden,lòd
ordinary,común,òdinè
organic,orgánico,òganik
organization,organización,òganizasyon
organize,organizar,òganize
orientation,orientación,oryantasyon
origin,origen,orijin
original,original,orijinal
originally,originalmente,orijinèlman
other,otro,lòt
others,otros,lòt moun
otherwise,de lo contrario,otreman
ought,debería,dwe
our,nuestro,nou
ourselves,nosotros mismos,tèt nou
out,afuera,soti
outcome,resultado,rezilta
outside,afuera,deyò
oven,horno,fou
over,encima,sou
overall,en general,an jeneral
overcome,superar,simonte
overlook,pasar por alto,neglije
owe,deber,dwe
own,propio,pwòp
owner,dueño,pwopriyetè
pace,paso,vitès
pack,embalar,pake
package,paquete,pake
page,página,paj
pain,dolor,doulè
painful,doloroso,douloure
paint,pintar,penti
painter,pintor,pent
painting,cuadro,penti
pair,par,pè
pale,pálido,pal
Palestinian,palestino,Palestinyen
palm,palmera,palmis
pan,cacerola,chodyè
panel,panel,panèl
pant,pantalón,pantalon
paper,papel,papye
parent,padre,paran
park,parque,pak
parking,estacionamiento,pakin
part,parte,pati
participant,partícipe,patisipan
participate,participar,patisipe
participation,participación,patisipasyon
particular,particular,patikilye
particularly,particularmente,patikilyèman
partly,parcialmente,an pati
partner,pareja,patnè
partnership,camaradería,patenarya
party,fiesta,pati
pass,aprobar,pase
passage,paso,pasaj
passenger,pasajero,pasaje
passion,pasión,pasyon
past,pasado,sot pase
patch,parche,plak
path,camino,chemen
patient,paciente,pasyan
pattern,patrón,modèl
pause,pausa,pran yon poz
pay,pagar,peye
payment,pago,peman
PC,ordenador personal,PC
peace,paz,lapè
peak,cima,pik
peer,par,kanmarad
penalty,multa,penalite
people,gente,moun
pepper,pimienta,pwav
per,por,pou chak
perceive,percibir,wè
percentage,porcentaje,pousantaj
perception,percepción,pèsepsyon
perfect,perfecto,pafè
perfectly,perfectamente,parfe
perform,llevar a cabo,fè
performance,actuación,pèfòmans
perhaps,tal vez,petèt
period,período,peryòd
permanent,permanente,pèmanan
permission,permiso,pèmisyon
permit,permiso,pèmi
person,persona,moun
personal,personal,pèsonèl
personality,personalidad,pèsonalite
personally,personalmente,pèsonèlman
personnel,personal,pèsonèl
perspective,perspectiva,pèspektiv
persuade,persuadir,konvenk
pet,mascota,bèt kay
phase,fase,faz
phenomenon,fenómeno,fenomèn
philosophy,filosofía,filozofi
phone,teléfono,telefòn
photo,foto,foto
photograph,fotografía,foto
photographer,fotógrafo,fotograf
phrase,frase,fraz
physical,físico,fizik
physically,físicamente,fizikman
physician,médico,doktè
piano,piano,pyano
pick,elegir,chwazi
picture,imagen,foto
pie,tarta,tat
piece,pedazo,moso
pile,montón,pil
pilot,piloto,pilòt
pine,pino,pine
pink,rosa,woz
pipe,tubo,tiyo
pitch,paso,anplasman
place,lugar,kote
plan,plan,plan
plane,avión,avyon
planet,planeta,planèt
planning,planificación,planifikasyon
plant,planta,plant
plastic,el plastico,plastik
plate,lámina,plak
platform,plataforma,platfòm
play,jugar,jwe
player,jugador,jwè
please,por favor,tanpri
pleasure,placer,plezi
plenty,infinidad,anpil
plot,trama,trase
plus,más,plis
PM,PM,PM
pocket,bolsillo,pòch
poem,poema,powèm
poet,poeta,powèt
poetry,poesía,pwezi
point,punto,pwen
pole,polo,poto
police,policía,lapolis
policy,política,politik
political,político,politik
politically,políticamente,politikman
politician,político,politisyen
politics,política,politik
poll,encuesta,biwo vòt
pollution,contaminación,polisyon
pool,piscina,pisin
poor,pobre,pòv
pop,estallido,pòp
popular,popular,popilè
population,población,popilasyon an
porch,porche,galri
port,puerto,pò
portion,parte,pòsyon
portrait,retrato,pòtrè
portray,retratar,montre
pose,pose,poze
position,posición,pozisyon
positive,positivo,pozitif
possess,poseer,posede
possibility,posibilidad,posibilite
possible,posible,posib
possibly,posiblemente,pètèt
post,correo,poste
pot,maceta,po
potato,papa,pòmdetè
potential,potencial,potansyèl
potentially,potencialmente,potansyèlman
pound,libra,liv
pour,verter,vide
poverty,pobreza,povrete
powder,polvo,poud
power,fuerza,pouvwa
powerful,poderoso,pwisan
practical,práctico,pratik
practice,práctica,pratik
pray,orar,lapriyè
prayer,oración,lapriyè
precisely,precisamente,jisteman
predict,predecir,predi
prefer,preferir,prefere
preference,preferencia,preferans
pregnancy,el embarazo,gwosès
pregnant,embarazada,ansent
preparation,preparación,preparasyon
prepare,preparar,prepare
prescription,prescripción,preskripsyon
presence,presencia,prezans
present,presente,prezan
presentation,presentación,prezantasyon
preserve,preservar,prezève
president,presidente,prezidan
presidential,presidencial,prezidansyèl
press,prensa,peze
pressure,presión,presyon
pretend,pretender,pran pòz
pretty,bonito,bèl
prevent,prevenir,anpeche
previous,anterior,anvan
previously,previamente,deja
price,precio,pri
pride,orgullo,fyète
priest,sacerdote,prèt
primarily,ante todo,prensipalman
primary,primario,prensipal
prime,principal,premye
principal,principal,direktè lekòl la
principle,principio,prensip
print,imprimir,enprime
prior,previo,anvan
priority,prioridad,priyorite
prison,prisión,prizon
prisoner,prisionero,prizonye
privacy,privacidad,vi prive
private,privado,prive
probably,probablemente,pwobableman
problem,problema,pwoblèm
procedure,procedimiento,pwosedi
proceed,proceder,kontinye
process,proceso,pwosesis
produce,producir,pwodui
producer,productor,pwodiktè
product,producto,pwodwi
production,producción,pwodiksyon
profession,profesión,pwofesyon
professional,profesional,pwofesyonèl
professor,profesor,pwofesè
profile,perfil,pwofil
profit,ganancia,pwofi
program,programa,pwogram
progress,progreso,pwogrè
project,proyecto,pwojè
prominent,prominente,enpòtan
promise,promesa,pwomès
promote,promover,ankouraje
prompt,inmediato,rapid
proof,prueba,prèv
proper,adecuado,apwopriye
properly,adecuadamente,byen
property,propiedad,pwopriyete
proportion,proporción,pwopòsyon
proposal,propuesta,pwopozisyon
propose,proponer,pwopoze
proposed,propuesto,pwopoze
prosecutor,fiscal,pwosekitè
prospect,prospecto,pwospè
protect,proteger,pwoteje
protection,proteccion,pwoteksyon
protein,proteína,pwoteyin
protest,protesta,pwotestasyon
proud,orgulloso,fyè
prove,probar,pwouve
provide,proporcionar,bay
provider,proveedor,founisè
province,provincia,pwovens
provision,disposición,pwovizyon
psychological,psicológico,sikolojik
psychologist,psicólogo,sikològ
psychology,psicología,sikoloji
public,público,piblik
publication,publicación,piblikasyon
publicly,en público,piblikman
publish,publicar,pibliye
publisher,editor,Piblikatè
pull,jalar,rale
punishment,castigo,pinisyon
purchase,compra,achte
pure,puro,pi bon kalite
purpose,objetivo,objektif
pursue,buscar,pouswiv
push,empujar,pouse
put,poner,mete
qualify,calificar,kalifye
quality,calidad,bon jan kalite
quarter,cuarto,trimès
quarterback,jugador de ataque,quarterback
question,pregunta,kesyon
quick,rápido,rapid
quickly,rápidamente,byen vit
quiet,tranquilo,trankil
quietly,en silencio,dousman
quit,abandonar,kite
quite,bastante,byen
quote,cita,quote
race,carrera,ras
racial,racial,rasyal
radical,radical,radikal
radio,radio,radyo
rail,carril,ray
rain,lluvia,lapli
raise,aumentar,leve
range,rango,ranje
rank,rango,ran
rapid,rápido,rapid
rapidly,rápidamente,rapidman
rare,extraño,ra
rarely,casi nunca,raman
rate,tasa,to
rather,bastante,pito
rating,clasificación,evalyasyon
ratio,relación,rapò
raw,crudo,kri
reach,alcanzar,rive
react,reaccionar,reyaji
reaction,reacción,reyaksyon
read,leer,li
reader,lector,lektè
reading,lectura,lekti
ready,listo,pare
real,real,reyèl
reality,realidad,reyalite
realize,darse cuenta,reyalize
really,en realidad,vrèman
reason,razón,rezon
reasonable,razonable,rezonab
recall,recordar,sonje
receive,recibir,resevwa
recent,reciente,resan
recently,recientemente,dènyèman
recipe,receta,resèt
recognition,reconocimiento,rekonesans
recognize,reconocer,rekonèt
recommend,recomendar,rekòmande
recommendation,recomendación,rekòmandasyon
record,registro,dosye
recording,grabación,anrejistreman
recover,recuperar,refè
recovery,recuperación,rekiperasyon
recruit,recluta,rekrite
red,rojo,wouj
reduce,reducir,diminye
reduction,reducción,rediksyon
refer,referirse,refere
reference,referencia,referans
reflect,reflejar,reflete
reflection,reflexión,refleksyon
reform,reforma,refòm
refugee,refugiado,refijye
refuse,rechazar,refize
regard,respecto,konsiderasyon
regarding,acerca de,konsènan
regardless,a pesar de todo,kèlkeswa
regime,régimen,rejim
region,región,rejyon an
regional,regional,rejyonal yo
register,registro,enskri
regular,regular,regilye
regularly,regularmente,regilyèman
regulate,regular,reglemante
regulation,regulación,regilasyon
reinforce,reforzarse,ranfòse
reject,rechazar,rejte
relate,relatar,gen rapò
relation,relación,relasyon
relationship,relación,relasyon
relative,relativo,relatif
relatively,relativamente,relativman
relax,relajarse,detann
release,liberar,lage
relevant,importante,ki enpòtan
relief,alivio,soulajman
religion,religión,relijyon
religious,religioso,relijye
rely,confiar,konte
remain,permanecer,rete
remaining,restante,rete
remarkable,notable,remakab
remember,recordar,sonje
remind,recordar,raple
remote,remoto,aleka
remove,eliminar,retire
repeat,repetir,repete
repeatedly,repetidamente,repete
replace,reemplazar,ranplase
reply,responder,reponn
report,informe,rapò
reporter,reportero,repòtè
represent,representar,reprezante
representation,representación,reprezantasyon
representative,representante,reprezantan
Republican,Republicano,Repibliken
reputation,reputación,repitasyon
request,pedido,demann
require,requerir,mande
requirement,requisito,egzijans
research,investigación,rechèch
researcher,investigador,chèchè
resemble,parecerse,sanble
reservation,reserva,rezèvasyon
resident,residente,rezidan
resist,resistir,reziste
resistance,resistencia,rezistans
resolution,resolución,rezolisyon
resolve,resolver,rezoud
resort,complejo,resort
resource,recurso,resous
respect,respeto,respè
respond,responder,reponn
respondent,demandado,repondan
response,respuesta,repons
responsibility,responsabilidad,responsablite
responsible,responsable,responsab
rest,descansar,repoze
restaurant,restaurante,restoran
restore,restaurar,restore
restriction,restricción,restriksyon
result,resultado,rezilta
retain,retener,kenbe
retire,jubilarse,pran retrèt ou
retirement,Jubilación,retrèt
return,devolver,retounen
reveal,revelar,revele
revenue,ganancia,revni
review,revisar,revize
revolution,revolución,revolisyon
rhythm,ritmo,ritm
rice,arroz,diri
rich,rico,rich
rid,deshacerse,debarase m
ride,conducir,woulib
rifle,rifle,fizi
right,bien,dwa
ring,anillo,bag
rise,elevar,leve
risk,riesgo,risk
river,río,rivyè
road,camino,wout
rock,roca,wòch
role,role,wòl
roll,rollo,woule
romantic,romántico,amoure
roof,techo,do kay
room,habitación,chanm
root,raíz,rasin
rope,soga,kòd
rose,rosa,woz
rough,bruto,ki graj
roughly,apenas,apeprè
round,redondo,wonn
route,ruta,wout
routine,rutina,woutin
row,fila,ranje
rub,frotar,fwote
rule,regla,règ
run,correr,kouri
running,correr,kouri
rural,rural,riral yo
rush,correr,prese
Russian,ruso,Ris
sacred,sagrado,sakre
sad,triste,tris
safe,seguro,san danje
safety,seguridad,sekirite
sake,beneficio,poutèt
salad,ensalada,sòs salad
salary,salario,salè
sale,venta,vann
sales,ventas,lavant
salt,sal,sèl
same,mismo,menm
sample,muestra,echantiyon
sanction,sanción,sanksyon
sand,arena,sab
satellite,satélite,satelit
satisfaction,satisfacción,satisfaksyon
satisfy,satisfacer,satisfè
sauce,salsa,sòs
save,ahorrar,sove
saving,ahorro,ekonomize
say,decir,di
scale,escala,echèl
scandal,escándalo,eskandal
scared,asustado,pè
scenario,guión,senaryo
scene,escena,sèn
schedule,cronograma,orè
scheme,esquema,konplo
scholar,erudito,savan
scholarship,beca,bousdetid
school,escuela,lekòl
science,ciencia,Syans
scientific,científico,syantifik
scientist,científico,syantis
scope,alcance,dimansyon
score,puntaje,nòt
scream,gritar,rèl
screen,pantalla,ekran
script,guion,script
sea,mar,lanmè
search,buscar,rechèch
season,estación,sezon
seat,asiento,chèz
second,segundo,dezyèm
secret,secreto,sekrè
secretary,secretario,sekretè
section,sección,seksyon
sector,sector,sektè
secure,seguro,an sekirite
security,seguridad,sekirite
see,ver,wè
seed,semilla,grenn
seek,buscar,chache
seem,parecer,sanble
segment,segmento,segman
seize,aprovechar,sezi
select,seleccionar,chwazi
selection,selección,seleksyon
self,ser,pwòp tèt ou
sell,vender,vann
Senate,Senado,Sena
senator,senador,senatè
send,enviar,voye
senior,sénior,granmoun aje
sense,sentido,sans
sensitive,sensible,sansib
sentence,oración,fraz
separate,separado,separe
sequence,secuencia,sekans
series,serie,seri
serious,grave,serye
seriously,en serio,seryezman
serve,atender,sèvi
service,servicio,sèvis
session,sesión,sesyon
set,colocar,mete
setting,configuración,anviwònman
settle,asentarse,regle
settlement,asentamiento,règleman
seven,Siete,sèt
several,varios,plizyè
severe,severo,grav
sex,sexo,sèks
sexual,sexual,seksyèl
shade,sombra,lonbraj
shadow,sombra,lonbraj
shake,agitar,souke
shall,deberá,va
shape,forma,fòm
share,compartir,pataje
sharp,afilado,byen file
she,ella,li
sheet,hoja,fèy
shelf,estante,etajè
shell,caparazón,kokiy
shelter,refugio,abri
shift,cambio,chanjman
shine,brillar,klere
ship,barco,bato
shirt,camisa,chemiz
shit,mierda,kaka
shock,choque,chòk
shoe,zapato,soulye
shoot,disparar,tire
shooting,tiroteo,tire
shop,comercio,boutik
shopping,compras,fè makèt
shore,costa,rivaj
short,corto,kout
shortly,dentro de poco,yon ti tan
shot,disparo,tire
should,debería,ta dwe
shoulder,hombro,zepòl
shout,gritar,rele byen fò
show,espectáculo,montre
shower,ducha,douch
shrug,encogimiento de hombros,leve zèpòl
shut,cerrar,fèmen
sick,enfermo,malad
side,lado,bò
sigh,suspiro,soupi
sight,vista,je
sign,firmar,siyen
signal,señal,siyal
significance,significado,siyifikasyon
significant,significativo,enpòtan
significantly,significativamente,siyifikativman
silence,silencio,silans
silent,silencioso,silans
silver,plata,ajan
similar,similar,menm jan an
similarly,similarmente,menm jan an tou
simple,simple,senp
simply,simplemente,Senpleman
sin,pecado,peche
since,desde,depi
sing,cantar,chante
singer,cantante,chantè
single,soltero,sèl
sink,hundir,koule
sir,Señor,mesye
sister,hermana,sè
sit,sentarse,chita
site,sitio,sit
situation,situación,sitiyasyon
six,seis,sis
size,tamaño,gwosè
ski,esquí,ski
skill,habilidad,konpetans
skin,piel,po
sky,cielo,syèl la
slave,esclavo,esklav
sleep,dormir,dòmi
slice,rebanada,tranch
slide,deslizar,glise
slight,leve,ti tay
slightly,levemente,yon ti kras
slip,deslizar,glise
slow,lento,ralanti
slowly,despacio,dousman
small,pequeño,piti
smart,elegante,entelijan
smell,oler,pran sant
smile,sonrisa,souri
smoke,fumar,lafimen
smooth,liso,lis
snap,quebrar,menen
snow,nieve,nèj
so,entonces,konsa
so-called,así llamado,sa yo rele
soccer,fútbol,foutbòl
social,social,sosyal
society,sociedad,sosyete a
soft,suave,mou
software,software,lojisyèl
soil,suelo,tè
solar,solar,solèy
soldier,soldado,sòlda
solid,sólido,solid
solution,solución,solisyon
solve,resolver,rezoud
some,alguno,kèk
somebody,alguien,yon moun
somehow,de alguna manera,yon jan kanmenm
someone,alguien,yon moun
something,algo,yon bagay
sometimes,a veces,pafwa
somewhat,un poco,yon ti jan
somewhere,en algún lugar,yon kote
son,hijo,pitit gason
song,canción,chante
soon,pronto,byento
sophisticated,sofisticado,sofistike
sorry,Lo siento,padon
sort,clasificar,sòt
soul,alma,nanm
sound,sonido,son
soup,sopa,soup
source,fuente,sous
south,sur,sid
southern,del Sur,sid
Soviet,Soviético,Sovyetik
space,espacio,espas
Spanish,Español,Panyòl
speak,hablar,pale
speaker,vocero,oratè
special,especial,espesyal
specialist,especialista,espesyalis
species,especies,espès yo
specific,específico,espesifik
specifically,específicamente,espesyalman
speech,discurso,diskou
speed,velocidad,vitès
spend,gastar,depanse
spending,gasto,depans
spin,girar,vire
spirit,espíritu,lespri
spiritual,espiritual,espirityèl
split,dividir,fann
spokesman,portavoz,pòtpawòl
sport,deporte,espò
spot,lugar,plas
spread,desparramar,gaye
spring,primavera,prentan
square,cuadrado,kare
squeeze,estrujar,peze
stability,estabilidad,estabilite
stable,estable,ki estab
staff,personal,anplwaye yo
stage,escenario,etap
stair,escalera,eskalye
stake,apostar,poto
stand,pararse,kanpe
standard,estándar,estanda
standing,de pie,kanpe
star,estrella,zetwal
stare,mirar fijamente,fikse
start,comenzar,kòmanse
state,estado,eta
statement,declaración,deklarasyon
station,estación,estasyon
statistics,Estadísticas,estatistik
status,estado,estati
stay,permanecer,rete
steady,estable,fiks
steal,robar,vòlè
steel,acero,asye
step,paso,etap
stick,palo,baton
still,aún,toujou
stir,remover,brase
stock,existencias,stock
stomach,estómago,lestomak
stone,piedra,wòch
stop,detener,sispann
storage,almacenamiento,depo
store,almacenar,magazen
storm,tormenta,tanpèt
story,historia,istwa
straight,derecho,dwat
strange,extraño,etranj
stranger,extraño,etranje
strategic,estratégico,estratejik
strategy,estrategia,estrateji
stream,arroyo,kouran
street,calle,lari
strength,fortaleza,fòs
strengthen,fortalecer,ranfòse
stress,estrés,estrès
stretch,estirar,detire
strike,huelga,grèv
string,cadena,fisèl
strip,banda,retire rad sou ou
stroke,ataque,konjesyon serebral
strong,fuerte,fò
strongly,fuertemente,fòtman
structure,estructura,estrikti
struggle,lucha,lite
student,alumno,etidyan
studio,estudio,estidyo
study,estudiar,etid
stuff,cosa,bagay
stupid,estúpido,estipid
style,estilo,style
subject,sujeto,sijè
submit,entregar,soumèt
subsequent,subsecuente,ki vin apre
substance,sustancia,sibstans
substantial,sustancial,sibstansyèl
succeed,tener éxito,reyisi
success,éxito,siksè
successful,exitoso,siksè
successfully,exitosamente,avèk siksè
such,semejante,sa yo
sudden,repentino,toudenkou
suddenly,de repente,toudenkou
sue,demandar,lajistis
suffer,sufrir,soufri
sufficient,suficiente,ase
sugar,azúcar,sik
suggest,sugerir,sijere
suggestion,sugerencia,sijesyon
suicide,suicidio,swisid
suit,traje,kostim
summer,verano,ete
summit,cumbre,somè
sun,sol,solèy
super,súper,super
supply,suministrar,rezèv
support,apoyo,sipò
supporter,seguidor,sipòtè
suppose,suponer,sipoze
supposed,supuesto,sipoze
Supreme,Supremo,Siprèm
sure,seguro,asire w
surely,seguramente,siman
surface,superficie,sifas
surgery,cirugía,operasyon
surprise,sorpresa,sipriz
surprised,sorprendido,sezi
surprising,sorprendente,etone
surprisingly,asombrosamente,etonan
surround,rodear,antoure
survey,encuesta,sondaj
survival,supervivencia,siviv
survive,sobrevivir,siviv
survivor,sobreviviente,sivivan
suspect,sospechar,sispèk
sustain,sostener,soutni
swear,jurar,fè sèman
sweep,barrer,bale
sweet,dulce,dous
swim,nadar,naje
swing,balancearse,balanse
switch,cambiar,chanje
symbol,símbolo,senbòl
symptom,síntoma,sentòm
system,sistema,sistèm
table,mesa,tab
tablespoon,cucharada,gwo kiyè
tactic,táctica,taktik
tail,cola,ke
take,llevar,pran
tale,cuento,istwa
talent,talento,talan
talk,hablar,pale
tall,alto,wo
tank,tanque,tank
tap,grifo,tiyo
tape,cinta,kasèt
target,objetivo,sib
task,tarea,travay
taste,gusto,gou
tax,impuesto,taks
taxpayer,contribuyente,kontribyab
tea,té,te
teach,enseñar,anseye
teacher,maestro,pwofesè
teaching,enseñando,ansèyman
team,equipo,ekip
tear,lágrima,dechire
teaspoon,cucharilla,ti kiyè
technical,técnico,teknik
technique,técnica,teknik
technology,tecnología,teknoloji
teen,adolescente,adolesan
teenager,adolescente,adolesan
telephone,teléfono,telefòn
telescope,telescopio,teleskòp
television,televisión,televizyon
tell,decir,di
temperature,temperatura,tanperati
temporary,temporario,tanporè
ten,diez,dis
tend,tender,gen tandans
tendency,tendencia,tandans
tennis,tenis,tenis
tension,tensión,tansyon
tent,carpa,tant
term,término,tèm
terms,términos,tèm
terrible,horrible,terib
territory,territorio,teritwa
terror,terror,laterè
terrorism,terrorismo,teworis
terrorist,terrorista,teworis
test,prueba,tès
testify,testificar,temwaye
testimony,testimonio,temwayaj
testing,pruebas,tès
text,texto,tèks
than,que,pase
thank,agradecer,mèsi
thanks,gracias,mèsi
that,eso,sa
the,el,la
theater,teatro,teyat
their,su,yo
them,a ellos,yo
theme,tema,tèm
themselves,ellos mismos,tèt yo
then,entonces,lè sa a
theory,teoría,teyori
therapy,terapia,terapi
there,allá,la
therefore,por lo tanto,se poutèt sa
these,estos,sa yo
they,ellos,yo
thick,grueso,pwès
thin,delgado,mens
thing,cosa,bagay
think,pensar,panse
thinking,pensamiento,panse
third,tercero,twazyèm
thirty,treinta,trant
this,este,sa a
those,aquellos,sa yo
though,aunque,menm si
thought,pensamiento,te panse
thousand,mil,mil
threat,amenaza,menas
threaten,amenazar,menase
three,tres,twa
throat,garganta,gòj
through,a través de,atravè
throughout,a lo largo de,nan tout
throw,tirar,jete
thus,de este modo,konsa
ticket,boleto,tikè
tie,atar,mare
tight,ajustado,sere
time,tiempo,tan
tiny,diminuto,ti
tip,consejo,pwent
tire,neumático,kaoutchou
tired,cansado,fatige
tissue,tejido,tisi
title,título,tit
to,a,pou
tobacco,tabaco,tabak
today,hoy,jodi a
toe,dedo del pie,zòtèy
together,juntos,ansanm
tomato,tomate,tomat
tomorrow,mañana,demen
tone,tono,ton
tongue,lengua,lang
tonight,esta noche,aswè a
too,también,tou
tool,herramienta,zouti
tooth,diente,dan
top,arriba,tèt
topic,tema,sijè
toss,sacudida,lanse
total,total,total
totally,totalmente,totalman
touch,tocar,manyen
tough,difícil,difisil
tour,recorrido,vwayaj
tourist,turista,touris
tournament,torneo,tounwa
toward,hacia,nan direksyon
towards,hacia,vers
tower,torre,gwo kay won
town,ciudad,vil
toy,juguete,jwèt
trace,rastro,tras
track,pista,tras
trade,comercio,komès
tradition,tradición,tradisyon
traditional,tradicional,tradisyonèl yo
traffic,tráfico,trafik
tragedy,tragedia,trajedi
trail,camino,santye
train,tren,tren
training,capacitación,fòmasyon
transfer,transferir,transfere
transform,transformar,transfòme
transformation,transformación,Transfòmasyon
transition,transición,tranzisyon
translate,traducir,tradwi
transportation,transporte,transpòtasyon
travel,viajar,vwayaje
treat,tratar,trete
treatment,tratamiento,tretman
treaty,tratado,trete
tree,árbol,pye bwa
tremendous,enorme,fòmidab
trend,tendencia,tandans
trial,ensayo,jijman
tribe,tribu,branch fanmi
trick,truco,jwe fent
trip,viaje,vwayaj
troop,tropa,twoup
trouble,problema,pwoblèm
truck,camión,kamyon
TRUE,VERDADERO,VRE
truly,realmente,vrèman
trust,confianza,fè konfyans
truth,verdad,verite
try,intentar,eseye
tube,tubo,tib
tunnel,túnel,tinèl
turn,doblar,vire
TV,TELEVISOR,televizyon
twelve,doce,douz
twenty,veinte,ven
twice,dos veces,de fwa
twin,mellizo,jimo
two,dos,de
type,tipo,kalite
typical,típico,tipik
typically,típicamente,tipikman
ugly,feo,lèd
ultimate,último,ultim
ultimately,por último,finalman
unable,incapaz,pa kapab
uncle,tío,tonton
under,bajo,anba
undergo,someterse,sibi
understand,entender,konprann
understanding,comprensión,konpreyansyon
unfortunately,desafortunadamente,malerezman
uniform,uniforme,inifòm
union,Unión,sendika
unique,único,inik
unit,unidad,inite
United,Unido,Etazini
universal,universal,inivèsèl
universe,universo,linivè
university,universidad,inivèsite
unknown,desconocido,enkoni
unless,a menos que,sof si
unlike,a diferencia de,kontrèman ak
unlikely,improbable,fasil
until,hasta,jiskaske
unusual,inusual,etranj
up,arriba,leve
upon,al,sou
upper,superior,anwo
urban,urbano,iben
urge,urgir,ankouraje
us,a nosotros,nou
use,usar,itilize
used,usado,itilize
useful,útil,itil
user,usuario,itilizatè
usual,habitual,nòmal
usually,generalmente,anjeneral
utility,utilidad,sèvis piblik
vacation,vacaciones,vakans
valley,valle,fon
valuable,valioso,valab
value,valor,valè
variable,variable,varyab
variation,variación,varyasyon
variety,variedad,varyete
various,varios,divès kalite
vary,variar,varye
vast,vasto,vas
vegetable,verdura,legim
vehicle,vehículo,machin
venture,empresa,antrepriz
version,versión,vèsyon
versus,versus,kont
very,muy,trè
vessel,buque,veso
veteran,veterano,veteran
via,a través de,via
victim,víctima,viktim
victory,victoria,viktwa
video,video,videyo
view,vista,wè
viewer,espectador,telespektatè
village,aldea,vilaj
violate,violar,vyole
violation,violación,vyolasyon
violence,violencia,vyolans
violent,violento,vyolan
virtually,virtualmente,nòmalman
virtue,virtud,vèti
virus,virus,viris
visible,visible,vizib
vision,visión,vizyon
visit,visita,vizite
visitor,visitante,vizitè
visual,visual,vizyèl
vital,vital,vital
voice,voz,vwa
volume,volumen,volim
volunteer,voluntario,volontè
vote,votar,vote
voter,votante,elektè
vs,vs,vs
vulnerable,vulnerable,vilnerab
wage,salario,salè
wait,esperar,tann
wake,despertar,reveye
walk,caminar,mache
wall,muro,miray
wander,deambular,moute desann
want,desear,vle
war,guerra,lagè
warm,cálido,cho
warn,advertir,avèti
warning,advertencia,avètisman
wash,lavar,lave
waste,desperdiciar,fatra
watch,mirar,gade
water,agua,dlo
wave,ola,vag
way,forma,fason
we,nosotros,nou
weak,débil,fèb
wealth,poder,richès
wealthy,adinerado,rich
weapon,arma,zam
wear,tener puesto,mete
weather,clima,move tan
wedding,boda,maryaj
week,semana,semèn
weekend,fin de semana,wikenn
weekly,semanalmente,chak semèn
weigh,pesar,peze
weight,peso,pwa
welcome,bienvenido,akeyi
welfare,bienestar,byennèt
well,Bueno,byen
west,Oeste,lwès
western,occidental,lwès
wet,húmedo,mouye
what,qué,Kisa
whatever,lo que,kèlkeswa sa
wheel,rueda,wou
when,cuando,Kilè
whenever,cuando sea,chak fwa
where,dónde,kote
whereas,mientras,tandiske
whether,si,si wi ou non
which,cual,ki
while,mientras,pandan
whisper,susurro,chichote
white,blanco,blan
who,OMS,OMS
whole,entero,antye
whom,a quien,kiyès
whose,cuyo,ki gen
why,por qué,poukisa
wide,ancho,lajè
widely,ampliamente,lajman
widespread,generalizado,gaye toupatou
wife,esposa,madanm
wild,salvaje,sovaj
will,voluntad,pral
willing,deseoso,vle
win,ganar,genyen
wind,viento,van
window,ventana,fenèt
wine,vino,diven
wing,ala,zèl
winner,ganador,gayan
winter,invierno,sezon fredi
wipe,limpiar,siye
wire,cable,fil
wisdom,sabiduría,bon konprann
wise,inteligente,saj
wish,desear,swete
with,con,ak
withdraw,retirar,retire
within,dentro,anndan
without,sin,san yo pa
witness,testigo,temwen
woman,mujer,fanm
wonder,preguntarse,sezi
wonderful,maravilloso,bèl bagay
wood,madera,bwa
wooden,de madera,an bwa
word,palabra,mo
work,trabajar,travay
worker,obrero,travayè
working,laboral,k ap travay
works,obras,travay
workshop,taller,atelye
world,mundo,mond
worried,preocupado,enkyete
worry,preocuparse,enkyete
worth,valer,vo
would,haría,ta
wound,herida,blese
wrap,envoltura,vlope
write,escribir,ekri
writer,escritor,ekriven
writing,escribiendo,ekri
wrong,equivocado,mal
yard,patio,lakou
yeah,sí,wi
year,año,ane
yell,gritar,rele
yellow,amarillo,jòn
yes,Sí,wi
yesterday,ayer,yè
yet,todavía,ankò
yield,producir,sede
you,tú,ou
young,joven,jèn
your,su,ou
yours,tuyo,ou
yourself,tú mismo,tèt ou
youth,juventud,jenès
zone,zona,zòn
